class;max_diff;mean_diff;std_diff
0;;;
1;10103.619140625;23.826358435288917;490.02315580381526
2;0.0;0.0;0.0
3_4;0.0;0.0;0.0
3_4_5;0.0;0.0;0.0
