class,mpap0,mpap0_test
1,0.0,0.0
2,0.996830471570708,0.996830471570708
"3-4",0.9981171154208248,0.9981171154208248
